V,USPS,Post Office VERDUGO VIEJOFEDERAL FINANCE STATION LA
C,Walmart,Walmart Supercenter Store #3422
C,ATT,ATT
C,Walmart,Walmart Store #5047
C,GSI,GSI Commerce
C,Walmart,Walmart Store #5047
V,USPS,Post Office VERDUGO VIEJOFEDERAL FINANCE STATION LA
V,Walmart,Walmart Store #5229
V,USPS,Post Office VERDUGO VIEJO
V,Walmart,Walmart Store #5228
V,USPS,Post Office Hialeah
V,USPS,Post Office EAGLE ROCK
C,GSI,GSI Commerce
V,Walmart,Walmart Store #2258
K,Walmart,Walmart Supercenter Store #1279
V,USPS,Post Office Wall Street Station
V,USPS,Post Office VERDUGO VIEJO
C,GSI,GSI Commerce
C,Sweetwater Merrifield,Sweetwater Resaurant
V,Walmart,Walmart Store #2038
V,Walmart,Walmart Store #5228
V,Walmart,Walmart Store #2258
V,Walmart,Walmart Store #5229
C,Walmart,Walmart Supercenter Store #3422
C,Walmart,Walmart Store #5047
K,Walmart,Walmart Supercenter Store #1279
V,USPS,Post Office Coconut Grove
V,USPS,Post Office Denver
C,GSI,GSI Commerce
C,Sweetwater Merrifield,Sweetwater Resaurant
V,USPS,Post Office Hialeah
V,USPS,Post Office Wall Street Station
V,USPS,Post Office Denver
V,USPS,Post Office EAGLE ROCK
C,ATT,ATT
C,ATT,ATT
C,GSI,GSI Commerce
C,Sweetwater Merrifield,Sweetwater Resaurant
C,Coastal Flats,Coastal Flats Tysons Corner
C,Coastal Flats,Coastal Flats Tysons Corner
V,Walmart,Walmart Store #2258
V,Walmart,Walmart Store #5229
C,Walmart,Walmart Store #5047
V,USPS,Post Office Coconut Grove
V,USPS,Post Office EAGLE ROCK
V,USPS,Post Office VERDUGO VIEJOFEDERAL FINANCE STATION LA
C,GSI,GSI Commerce
C,GSI,GSI Commerce
V,Walmart,Walmart Store #2038
K,Walmart,Walmart Store #5103
V,USPS,Post Office Coconut Grove
V,USPS,Post Office EAGLE ROCK
V,USPS,Post Office VERDUGO VIEJOFEDERAL FINANCE STATION LA
C,Coastal Flats,Coastal Flats Tysons Corner
K,Walmart,Walmart Store #5103
K,Walmart,Walmart Supercenter Store #1279
V,USPS,Post Office VERDUGO VIEJO
C,Sweetwater Merrifield,Sweetwater Resaurant
K,Walmart,Walmart Store #5103
V,USPS,Post Office Canal Street
C,GSI,GSI Commerce
V,Walmart,Walmart Store #5229
V,USPS,Post Office Canal Street
V,USPS,Post Office VERDUGO VIEJO
C,GSI,GSI Commerce
V,Walmart,Walmart Store #2258
C,Walmart,Walmart Store #5047
T,USPS,Post Office Hialeah
C,GSI,GSI Commerce
V,Walmart,Walmart Store #2258
K,Walmart,Walmart Supercenter Store #1279
V,USPS,Post Office EAGLE ROCK
V,Walmart,Walmart Store #5229
V,USPS,Post Office VERDUGO VIEJOFEDERAL FINANCE STATION LA
C,Walmart,Walmart Supercenter Store #3422
C,ATT,ATT
C,Walmart,Walmart Store #5047
C,GSI,GSI Commerce
C,Walmart,Walmart Store #5047
C,GSI,GSI Commerce
V,USPS,Post Office Coconut Grove
V,Walmart,Walmart Store #2038
T,USPS,Post Office Denver
V,Walmart,Walmart Store #2258
V,USPS,Post Office Hialeah
V,USPS,Post Office Canal Street
V,USPS,Post Office Denver
C,ATT,ATT
V,Walmart,Walmart Store #2038
C,Walmart,Walmart Supercenter Store #3422
V,USPS,Post Office EAGLE ROCK
V,Walmart,Walmart Store #2258
V,USPS,Post Office Denver
T,Walmart,Walmart Store #5229
V,USPS,Post Office Hialeah
V,USPS,Post Office VERDUGO VIEJOFEDERAL FINANCE STATION LA
C,Coastal Flats,Coastal Flats Tysons Corner
V,USPS,Post Office Coconut Grove
C,GSI,GSI Commerce
C,Walmart,Walmart Store #5047
C,GSI,GSI Commerce
V,USPS,Post Office Wall Street Station
V,Walmart,Walmart Store #5229
V,USPS,Post Office EAGLE ROCK
T,Walmart,Walmart Store #5047
V,USPS,Post Office Denver
C,GSI,GSI Commerce
C,Walmart,Walmart Supercenter Store #3422
V,USPS,Post Office VERDUGO VIEJOFEDERAL FINANCE STATION LA
V,Walmart,Walmart Store #5229
V,USPS,Post Office VERDUGO VIEJO
K,Walmart,Walmart Store #5103
V,USPS,Post Office VERDUGO VIEJOFEDERAL FINANCE STATION LA
V,Walmart,Walmart Store #2038
C,Walmart,Walmart Store #5047
T,ATT,ATT
C,Walmart,Walmart Supercenter Store #3422
C,ATT,ATT
V,Walmart,Walmart Store #2258
T,USPS,Post Office Coconut Grove
C,Sweetwater Merrifield,Sweetwater Resaurant
T,USPS,Post Office Coconut Grove
V,USPS,Post Office Denver
T,Walmart,Walmart Supercenter Store #3422
C,Walmart,Walmart Supercenter Store #3422
V,USPS,Post Office EAGLE ROCK
V,Walmart,Walmart Store #5229
C,ATT,ATT
K,Walmart,Walmart Supercenter Store #1279
T,Sweetwater Merrifield,Sweetwater Resaurant
C,Walmart,Walmart Store #5047
C,GSI,GSI Commerce
C,Walmart,Walmart Supercenter Store #3422
V,USPS,Post Office EAGLE ROCK
V,Walmart,Walmart Store #2258
V,USPS,Post Office Denver
V,Walmart,Walmart Store #5228
V,USPS,Post Office VERDUGO VIEJOFEDERAL FINANCE STATION LA
C,Walmart,Walmart Store #5047
C,Coastal Flats,Coastal Flats Tysons Corner
T,USPS,Post Office EAGLE ROCK
V,Walmart,Walmart Store #5228
V,USPS,Post Office Coconut Grove
C,GSI,GSI Commerce
C,Walmart,Walmart Store #5047
V,USPS,Post Office VERDUGO VIEJO
V,Walmart,Walmart Store #2038
V,USPS,Post Office Hialeah
C,ATT,ATT
V,Walmart,Walmart Store #5228
K,Walmart,Walmart Supercenter Store #1279
C,GSI,GSI Commerce
K,Walmart,Walmart Supercenter Store #1279
C,GSI,GSI Commerce
C,Walmart,Walmart Store #5047
T,USPS,Post Office VERDUGO VIEJO
V,Walmart,Walmart Store #2038
V,USPS,Post Office Denver
K,Walmart,Walmart Store #5103
C,GSI,GSI Commerce
C,Walmart,Walmart Store #5047
C,Walmart,Walmart Supercenter Store #3422
V,USPS,Post Office Wall Street Station
C,ATT,ATT
V,Walmart,Walmart Store #2258
V,USPS,Post Office Canal Street
C,Sweetwater Merrifield,Sweetwater Resaurant
K,Walmart,Walmart Supercenter Store #1279
C,GSI,GSI Commerce
V,USPS,Post Office Hialeah
T,Walmart,Walmart Store #5228
C,Sweetwater Merrifield,Sweetwater Resaurant
T,USPS,Post Office Coconut Grove
K,Walmart,Walmart Supercenter Store #1279
V,USPS,Post Office VERDUGO VIEJO
V,Walmart,Walmart Store #5228
V,USPS,Post Office Canal Street
C,Coastal Flats,Coastal Flats Tysons Corner
K,Walmart,Walmart Supercenter Store #1279
V,USPS,Post Office VERDUGO VIEJOFEDERAL FINANCE STATION LA
V,Walmart,Walmart Store #2258
V,USPS,Post Office Coconut Grove
C,GSI,GSI Commerce
V,Walmart,Walmart Store #5228
V,USPS,Post Office Coconut Grove
C,GSI,GSI Commerce
K,Walmart,Walmart Supercenter Store #1279
C,Sweetwater Merrifield,Sweetwater Resaurant
V,USPS,Post Office Coconut Grove
V,Walmart,Walmart Store #2038
V,USPS,Post Office Wall Street Station
V,Walmart,Walmart Store #5228
V,USPS,Post Office Denver
V,Walmart,Walmart Store #5228
V,USPS,Post Office Wall Street Station
C,Sweetwater Merrifield,Sweetwater Resaurant
C,Walmart,Walmart Store #5047
V,USPS,Post Office EAGLE ROCK
V,Walmart,Walmart Store #2258
V,USPS,Post Office Canal Street
C,Coastal Flats,Coastal Flats Tysons Corner
V,USPS,Post Office Canal Street
C,Sweetwater Merrifield,Sweetwater Resaurant
V,USPS,Post Office Hialeah
V,USPS,Post Office VERDUGO VIEJOFEDERAL FINANCE STATION LA
T,Walmart,Walmart Store #5103
V,USPS,Post Office EAGLE ROCK
V,Walmart,Walmart Store #5228
K,Walmart,Walmart Supercenter Store #1279
V,USPS,Post Office VERDUGO VIEJOFEDERAL FINANCE STATION LA
V,Walmart,Walmart Store #5229
V,USPS,Post Office Coconut Grove
C,Sweetwater Merrifield,Sweetwater Resaurant
C,Walmart,Walmart Supercenter Store #3422
C,ATT,ATT
C,Walmart,Walmart Supercenter Store #3422
V,USPS,Post Office EAGLE ROCK
C,Coastal Flats,Coastal Flats Tysons Corner
K,Walmart,Walmart Supercenter Store #1279
V,USPS,Post Office EAGLE ROCK
C,Sweetwater Merrifield,Sweetwater Resaurant
V,Walmart,Walmart Store #2258
T,Walmart,Walmart Store #5047
V,USPS,Post Office Canal Street
V,Walmart,Walmart Store #2038
V,USPS,Post Office Denver
K,Walmart,Walmart Store #5103
C,GSI,GSI Commerce
T,USPS,Post Office Canal Street
T,ATT,ATT
V,USPS,Post Office VERDUGO VIEJOFEDERAL FINANCE STATION LA
K,Walmart,Walmart Store #5103
V,USPS,Post Office VERDUGO VIEJOFEDERAL FINANCE STATION LA
V,Walmart,Walmart Store #5229
V,USPS,Post Office Canal Street
C,Coastal Flats,Coastal Flats Tysons Corner
T,USPS,Post Office Canal Street
V,USPS,Post Office Hialeah
C,GSI,GSI Commerce
T,Walmart,Walmart Store #5103
V,USPS,Post Office VERDUGO VIEJOFEDERAL FINANCE STATION LA
V,Walmart,Walmart Store #2258
V,USPS,Post Office Canal Street
C,GSI,GSI Commerce
V,Walmart,Walmart Store #2258
V,USPS,Post Office Canal Street
C,Sweetwater Merrifield,Sweetwater Resaurant
C,Walmart,Walmart Store #5047
V,USPS,Post Office VERDUGO VIEJO
K,Walmart,Walmart Store #5103
C,ATT,ATT
K,Walmart,Walmart Supercenter Store #1279
C,GSI,GSI Commerce
K,Walmart,Walmart Store #5103
C,ATT,ATT
K,Walmart,Walmart Supercenter Store #1279
V,Walmart,Walmart Store #5228
C,ATT,ATT
C,Coastal Flats,Coastal Flats Tysons Corner
C,Walmart,Walmart Supercenter Store #3422
V,USPS,Post Office Canal Street
C,GSI,GSI Commerce
K,Walmart,Walmart Store #5103
V,USPS,Post Office Canal Street
C,Sweetwater Merrifield,Sweetwater Resaurant
V,USPS,Post Office Hialeah
C,ATT,ATT
K,Walmart,Walmart Store #5103
V,USPS,Post Office EAGLE ROCK
V,Walmart,Walmart Store #2258
V,USPS,Post Office EAGLE ROCK
T,Walmart,Walmart Store #5228
T,USPS,Post Office Hialeah
C,Coastal Flats,Coastal Flats Tysons Corner
K,Walmart,Walmart Store #5103
V,USPS,Post Office Denver
V,Walmart,Walmart Store #5228
T,USPS,Post Office Coconut Grove
V,Walmart,Walmart Store #2258
V,USPS,Post Office Canal Street
C,GSI,GSI Commerce
C,Walmart,Walmart Store #5047
C,GSI,GSI Commerce
C,Walmart,Walmart Store #5047
T,USPS,Post Office VERDUGO VIEJOFEDERAL FINANCE STATION LA
V,USPS,Post Office Wall Street Station
V,Walmart,Walmart Store #2038
V,USPS,Post Office Wall Street Station
C,Coastal Flats,Coastal Flats Tysons Corner
C,Walmart,Walmart Supercenter Store #3422
V,USPS,Post Office EAGLE ROCK
K,Walmart,Walmart Store #5103
C,Coastal Flats,Coastal Flats Tysons Corner
V,USPS,Post Office Hialeah
V,USPS,Post Office EAGLE ROCK
V,Walmart,Walmart Store #2258
V,USPS,Post Office Wall Street Station
C,Sweetwater Merrifield,Sweetwater Resaurant
V,Walmart,Walmart Store #2258
T,Walmart,Walmart Supercenter Store #1279
C,Walmart,Walmart Store #5047
C,Sweetwater Merrifield,Sweetwater Resaurant
T,USPS,Post Office VERDUGO VIEJO
V,USPS,Post Office VERDUGO VIEJO
V,Walmart,Walmart Store #5229
T,USPS,Post Office VERDUGO VIEJO
V,USPS,Post Office Hialeah
C,GSI,GSI Commerce
K,Walmart,Walmart Supercenter Store #1279
C,Coastal Flats,Coastal Flats Tysons Corner
C,Walmart,Walmart Supercenter Store #3422
V,USPS,Post Office Canal Street
C,GSI,GSI Commerce
V,Walmart,Walmart Store #5229
V,USPS,Post Office EAGLE ROCK
V,Walmart,Walmart Store #5228
V,USPS,Post Office Coconut Grove
C,Coastal Flats,Coastal Flats Tysons Corner
V,USPS,Post Office Canal Street
C,Coastal Flats,Coastal Flats Tysons Corner
V,USPS,Post Office Wall Street Station
T,Walmart,Walmart Store #5228
V,USPS,Post Office EAGLE ROCK
V,Walmart,Walmart Store #2258
V,USPS,Post Office VERDUGO VIEJOFEDERAL FINANCE STATION LA
V,Walmart,Walmart Store #2038
V,USPS,Post Office Wall Street Station
C,GSI,GSI Commerce
V,Walmart,Walmart Store #5229
V,USPS,Post Office VERDUGO VIEJO
V,Walmart,Walmart Store #5229
V,USPS,Post Office EAGLE ROCK
V,Walmart,Walmart Store #5229
C,ATT,ATT
V,USPS,Post Office Hialeah
C,ATT,ATT
C,Walmart,Walmart Store #5047
C,ATT,ATT
C,Walmart,Walmart Store #5047
K,Walmart,Walmart Store #5103
V,USPS,Post Office VERDUGO VIEJO
T,GSI,GSI Commerce
V,Walmart,Walmart Store #2038
V,USPS,Post Office Wall Street Station
V,Walmart,Walmart Store #2258
C,ATT,ATT
V,USPS,Post Office Coconut Grove
K,Walmart,Walmart Store #5103
V,USPS,Post Office Coconut Grove
V,USPS,Post Office VERDUGO VIEJOFEDERAL FINANCE STATION LA
V,Walmart,Walmart Store #5229
V,USPS,Post Office VERDUGO VIEJOFEDERAL FINANCE STATION LA
C,Walmart,Walmart Supercenter Store #3422
C,ATT,ATT
C,Walmart,Walmart Supercenter Store #3422
V,USPS,Post Office VERDUGO VIEJOFEDERAL FINANCE STATION LA
C,Coastal Flats,Coastal Flats Tysons Corner
K,Walmart,Walmart Supercenter Store #1279
T,USPS,Post Office VERDUGO VIEJO
T,USPS,Post Office Hialeah
C,Walmart,Walmart Supercenter Store #3422
V,USPS,Post Office Hialeah
T,USPS,Post Office EAGLE ROCK
T,GSI,GSI Commerce
C,GSI,GSI Commerce
K,Walmart,Walmart Store #5103
V,USPS,Post Office Wall Street Station
C,GSI,GSI Commerce
V,Walmart,Walmart Store #5229
C,Walmart,Walmart Supercenter Store #3422
T,USPS,Post Office Denver
C,Walmart,Walmart Supercenter Store #3422
V,USPS,Post Office Canal Street
C,Coastal Flats,Coastal Flats Tysons Corner
V,USPS,Post Office Coconut Grove
T,GSI,GSI Commerce
V,Walmart,Walmart Store #5228
V,USPS,Post Office Coconut Grove
V,USPS,Post Office VERDUGO VIEJO
C,Coastal Flats,Coastal Flats Tysons Corner
K,Walmart,Walmart Supercenter Store #1279
V,USPS,Post Office EAGLE ROCK
V,Walmart,Walmart Store #5228
V,USPS,Post Office Denver
C,Coastal Flats,Coastal Flats Tysons Corner
T,USPS,Post Office Denver
C,Walmart,Walmart Store #5047
V,USPS,Post Office VERDUGO VIEJOFEDERAL FINANCE STATION LA
K,Walmart,Walmart Store #5103
T,USPS,Post Office Denver
V,USPS,Post Office VERDUGO VIEJO
C,Coastal Flats,Coastal Flats Tysons Corner
C,Walmart,Walmart Supercenter Store #3422
V,USPS,Post Office Wall Street Station
V,Walmart,Walmart Store #2038
V,USPS,Post Office VERDUGO VIEJO
K,Walmart,Walmart Store #5103
V,USPS,Post Office Hialeah
C,ATT,ATT
C,Walmart,Walmart Supercenter Store #3422
T,USPS,Post Office VERDUGO VIEJOFEDERAL FINANCE STATION LA
C,Walmart,Walmart Supercenter Store #3422
V,USPS,Post Office VERDUGO VIEJOFEDERAL FINANCE STATION LA
C,Walmart,Walmart Supercenter Store #3422
C,GSI,GSI Commerce
C,Walmart,Walmart Supercenter Store #3422
V,USPS,Post Office VERDUGO VIEJO
V,Walmart,Walmart Store #2258
K,Walmart,Walmart Supercenter Store #1279
V,USPS,Post Office Wall Street Station
C,GSI,GSI Commerce
T,Walmart,Walmart Store #5229
C,GSI,GSI Commerce
V,Walmart,Walmart Store #5229
V,USPS,Post Office EAGLE ROCK
C,Coastal Flats,Coastal Flats Tysons Corner
C,Walmart,Walmart Store #5047
V,USPS,Post Office Denver
C,Coastal Flats,Coastal Flats Tysons Corner
K,Walmart,Walmart Supercenter Store #1279
V,USPS,Post Office VERDUGO VIEJO
C,Sweetwater Merrifield,Sweetwater Resaurant
K,Walmart,Walmart Supercenter Store #1279
C,GSI,GSI Commerce
K,Walmart,Walmart Supercenter Store #1279
T,Coastal Flats,Coastal Flats Tysons Corner
K,Walmart,Walmart Store #5103
V,USPS,Post Office EAGLE ROCK
T,Walmart,Walmart Store #5228
C,Sweetwater Merrifield,Sweetwater Resaurant
V,USPS,Post Office Hialeah
C,GSI,GSI Commerce
T,Walmart,Walmart Supercenter Store #3422
T,Walmart,Walmart Store #5103
C,Walmart,Walmart Store #5047
C,ATT,ATT
C,Walmart,Walmart Store #5047
C,Coastal Flats,Coastal Flats Tysons Corner
V,USPS,Post Office VERDUGO VIEJO
V,USPS,Post Office Coconut Grove
V,USPS,Post Office Wall Street Station
V,USPS,Post Office VERDUGO VIEJO
T,Walmart,Walmart Store #2038
V,USPS,Post Office VERDUGO VIEJO
C,Coastal Flats,Coastal Flats Tysons Corner
K,Walmart,Walmart Store #5103
V,USPS,Post Office Coconut Grove
V,USPS,Post Office VERDUGO VIEJOFEDERAL FINANCE STATION LA
V,Walmart,Walmart Store #5228
V,USPS,Post Office Coconut Grove
C,ATT,ATT
V,Walmart,Walmart Store #2258
V,USPS,Post Office Canal Street
T,ATT,ATT
V,USPS,Post Office Coconut Grove
C,Sweetwater Merrifield,Sweetwater Resaurant
V,USPS,Post Office Hialeah
T,Sweetwater Merrifield,Sweetwater Resaurant
C,GSI,GSI Commerce
C,Walmart,Walmart Supercenter Store #3422
T,USPS,Post Office VERDUGO VIEJOFEDERAL FINANCE STATION LA
V,Walmart,Walmart Store #5228
V,USPS,Post Office Coconut Grove
C,GSI,GSI Commerce
C,Walmart,Walmart Store #5047
T,USPS,Post Office VERDUGO VIEJO
V,USPS,Post Office Wall Street Station
V,USPS,Post Office Coconut Grove
V,USPS,Post Office VERDUGO VIEJO
C,Sweetwater Merrifield,Sweetwater Resaurant
K,Walmart,Walmart Supercenter Store #1279
C,Coastal Flats,Coastal Flats Tysons Corner
V,USPS,Post Office Denver
K,Walmart,Walmart Store #5103
T,USPS,Post Office VERDUGO VIEJOFEDERAL FINANCE STATION LA
V,Walmart,Walmart Store #2258
C,Walmart,Walmart Store #5047
V,USPS,Post Office Denver
C,Coastal Flats,Coastal Flats Tysons Corner
C,Walmart,Walmart Supercenter Store #3422
V,USPS,Post Office Denver
V,Walmart,Walmart Store #5228
V,USPS,Post Office Denver
V,Walmart,Walmart Store #5229
V,USPS,Post Office VERDUGO VIEJO
V,Walmart,Walmart Store #2258
T,USPS,Post Office Denver
C,Coastal Flats,Coastal Flats Tysons Corner
T,Walmart,Walmart Supercenter Store #1279
V,USPS,Post Office Coconut Grove
V,USPS,Post Office Coconut Grove
V,USPS,Post Office Coconut Grove
V,USPS,Post Office VERDUGO VIEJO
V,Walmart,Walmart Store #2038
C,Walmart,Walmart Store #5047
T,USPS,Post Office VERDUGO VIEJOFEDERAL FINANCE STATION LA
V,USPS,Post Office VERDUGO VIEJOFEDERAL FINANCE STATION LA
T,Walmart,Walmart Store #5229
K,Walmart,Walmart Store #5103
V,USPS,Post Office Canal Street
V,USPS,Post Office VERDUGO VIEJO
C,Sweetwater Merrifield,Sweetwater Resaurant
K,Walmart,Walmart Supercenter Store #1279
C,GSI,GSI Commerce
K,Walmart,Walmart Supercenter Store #1279
V,USPS,Post Office VERDUGO VIEJOFEDERAL FINANCE STATION LA
V,Walmart,Walmart Store #5228
K,Walmart,Walmart Supercenter Store #1279
V,USPS,Post Office VERDUGO VIEJOFEDERAL FINANCE STATION LA
V,Walmart,Walmart Store #2038
K,Walmart,Walmart Supercenter Store #1279
C,GSI,GSI Commerce
C,Walmart,Walmart Store #5047
V,Walmart,Walmart Store #2038
V,USPS,Post Office EAGLE ROCK
C,Walmart,Walmart Supercenter Store #3422
C,GSI,GSI Commerce
V,USPS,Post Office Wall Street Station
K,Walmart,Walmart Store #5103
C,Sweetwater Merrifield,Sweetwater Resaurant
V,USPS,Post Office VERDUGO VIEJO
C,Sweetwater Merrifield,Sweetwater Resaurant
T,Walmart,Walmart Store #5103
V,Walmart,Walmart Store #5228
V,USPS,Post Office Canal Street
V,Walmart,Walmart Store #5228
V,USPS,Post Office Canal Street
V,Walmart,Walmart Store #5228
V,USPS,Post Office Denver
V,Walmart,Walmart Store #5229
V,USPS,Post Office EAGLE ROCK
K,Walmart,Walmart Store #5103
C,ATT,ATT
C,Walmart,Walmart Store #5047
C,GSI,GSI Commerce
C,Walmart,Walmart Store #5047
C,ATT,ATT
C,Walmart,Walmart Store #5047
V,USPS,Post Office EAGLE ROCK
T,Walmart,Walmart Store #2038
V,Walmart,Walmart Store #5228
C,Walmart,Walmart Store #5047
V,USPS,Post Office Wall Street Station
T,GSI,GSI Commerce
C,GSI,GSI Commerce
K,Walmart,Walmart Supercenter Store #1279
T,GSI,GSI Commerce
V,Walmart,Walmart Store #2038
V,USPS,Post Office Canal Street
V,Walmart,Walmart Store #2258
T,USPS,Post Office VERDUGO VIEJO
T,ATT,ATT
K,Walmart,Walmart Store #5103
V,USPS,Post Office Denver
V,Walmart,Walmart Store #5228
V,USPS,Post Office Canal Street
T,Coastal Flats,Coastal Flats Tysons Corner
C,Sweetwater Merrifield,Sweetwater Resaurant
C,Walmart,Walmart Supercenter Store #3422
V,USPS,Post Office Denver
V,Walmart,Walmart Store #2038
V,USPS,Post Office Wall Street Station
C,Coastal Flats,Coastal Flats Tysons Corner
V,USPS,Post Office Denver
V,Walmart,Walmart Store #5229
V,USPS,Post Office Denver
C,Coastal Flats,Coastal Flats Tysons Corner
V,USPS,Post Office Coconut Grove
C,Sweetwater Merrifield,Sweetwater Resaurant
K,Walmart,Walmart Supercenter Store #1279
C,Coastal Flats,Coastal Flats Tysons Corner
V,USPS,Post Office Canal Street
V,Walmart,Walmart Store #2258
V,USPS,Post Office VERDUGO VIEJOFEDERAL FINANCE STATION LA
C,Walmart,Walmart Supercenter Store #3422
V,USPS,Post Office VERDUGO VIEJO
C,Coastal Flats,Coastal Flats Tysons Corner
C,Walmart,Walmart Store #5047
T,USPS,Post Office VERDUGO VIEJO
V,USPS,Post Office Canal Street
C,Sweetwater Merrifield,Sweetwater Resaurant
K,Walmart,Walmart Supercenter Store #1279
V,USPS,Post Office VERDUGO VIEJO
C,Coastal Flats,Coastal Flats Tysons Corner
C,Walmart,Walmart Store #5047
V,USPS,Post Office VERDUGO VIEJO
V,Walmart,Walmart Store #2258
V,USPS,Post Office Canal Street
C,Sweetwater Merrifield,Sweetwater Resaurant
C,Walmart,Walmart Supercenter Store #3422
C,ATT,ATT
C,Walmart,Walmart Supercenter Store #3422
V,USPS,Post Office Denver
C,Sweetwater Merrifield,Sweetwater Resaurant
K,Walmart,Walmart Supercenter Store #1279
C,GSI,GSI Commerce
C,Walmart,Walmart Store #5047
V,USPS,Post Office EAGLE ROCK
C,Sweetwater Merrifield,Sweetwater Resaurant
T,Walmart,Walmart Store #5047
V,Walmart,Walmart Store #2258
K,Walmart,Walmart Store #5103
V,USPS,Post Office Canal Street
C,ATT,ATT
V,Walmart,Walmart Store #2258
K,Walmart,Walmart Supercenter Store #1279
V,USPS,Post Office Wall Street Station
C,GSI,GSI Commerce
V,Walmart,Walmart Store #5229
V,USPS,Post Office Coconut Grove
C,GSI,GSI Commerce
C,Walmart,Walmart Store #5047
V,USPS,Post Office VERDUGO VIEJOFEDERAL FINANCE STATION LA
V,Walmart,Walmart Store #5229
V,USPS,Post Office EAGLE ROCK
C,GSI,GSI Commerce
V,USPS,Post Office Hialeah
T,USPS,Post Office VERDUGO VIEJO
C,ATT,ATT
C,Walmart,Walmart Supercenter Store #3422
C,GSI,GSI Commerce
C,Walmart,Walmart Supercenter Store #3422
T,USPS,Post Office VERDUGO VIEJO
C,Sweetwater Merrifield,Sweetwater Resaurant
C,Walmart,Walmart Store #5047
T,USPS,Post Office VERDUGO VIEJO
V,USPS,Post Office EAGLE ROCK
V,Walmart,Walmart Store #2258
V,USPS,Post Office EAGLE ROCK
C,ATT,ATT
C,Walmart,Walmart Supercenter Store #3422
C,GSI,GSI Commerce
V,USPS,Post Office Hialeah
T,Walmart,Walmart Store #2038
V,Walmart,Walmart Store #5228
K,Walmart,Walmart Supercenter Store #1279
C,ATT,ATT
V,Walmart,Walmart Store #5228
V,USPS,Post Office Canal Street
V,Walmart,Walmart Store #2258
T,USPS,Post Office VERDUGO VIEJOFEDERAL FINANCE STATION LA
V,USPS,Post Office Canal Street
V,Walmart,Walmart Store #5228
V,USPS,Post Office VERDUGO VIEJO
T,Walmart,Walmart Supercenter Store #3422
C,Coastal Flats,Coastal Flats Tysons Corner
C,Walmart,Walmart Store #5047
V,USPS,Post Office VERDUGO VIEJO
V,Walmart,Walmart Store #2258
V,USPS,Post Office Hialeah
C,ATT,ATT
V,Walmart,Walmart Store #5228
V,USPS,Post Office VERDUGO VIEJO
K,Walmart,Walmart Supercenter Store #1279
C,GSI,GSI Commerce
V,USPS,Post Office Hialeah
V,Walmart,Walmart Store #2038
V,USPS,Post Office VERDUGO VIEJO
V,USPS,Post Office Hialeah
V,USPS,Post Office EAGLE ROCK
C,Sweetwater Merrifield,Sweetwater Resaurant
C,Walmart,Walmart Supercenter Store #3422
T,USPS,Post Office Denver
C,Coastal Flats,Coastal Flats Tysons Corner
C,Walmart,Walmart Store #5047
T,USPS,Post Office VERDUGO VIEJO
C,GSI,GSI Commerce
K,Walmart,Walmart Supercenter Store #1279
C,ATT,ATT
V,Walmart,Walmart Store #5229
V,USPS,Post Office Wall Street Station
T,Coastal Flats,Coastal Flats Tysons Corner
V,Walmart,Walmart Store #2258
V,USPS,Post Office Hialeah
C,ATT,ATT
K,Walmart,Walmart Store #5103
V,USPS,Post Office EAGLE ROCK
V,Walmart,Walmart Store #5228
V,USPS,Post Office Canal Street
V,Walmart,Walmart Store #2038
V,USPS,Post Office Hialeah
V,USPS,Post Office VERDUGO VIEJOFEDERAL FINANCE STATION LA
T,Walmart,Walmart Store #5228
V,USPS,Post Office Coconut Grove
C,Sweetwater Merrifield,Sweetwater Resaurant
V,USPS,Post Office Hialeah
C,GSI,GSI Commerce
V,USPS,Post Office Hialeah
C,Sweetwater Merrifield,Sweetwater Resaurant
V,USPS,Post Office Canal Street
C,Sweetwater Merrifield,Sweetwater Resaurant
V,USPS,Post Office Hialeah
C,GSI,GSI Commerce
K,Walmart,Walmart Supercenter Store #1279
C,GSI,GSI Commerce
V,USPS,Post Office Hialeah
C,GSI,GSI Commerce
V,Walmart,Walmart Store #5229
T,USPS,Post Office Canal Street
V,USPS,Post Office VERDUGO VIEJOFEDERAL FINANCE STATION LA
V,Walmart,Walmart Store #5229
V,USPS,Post Office Denver
C,Coastal Flats,Coastal Flats Tysons Corner
C,Walmart,Walmart Store #5047
T,USPS,Post Office EAGLE ROCK
C,Walmart,Walmart Supercenter Store #3422
V,USPS,Post Office Canal Street
V,USPS,Post Office VERDUGO VIEJO
C,GSI,GSI Commerce
K,Walmart,Walmart Store #5103
V,USPS,Post Office EAGLE ROCK
V,Walmart,Walmart Store #5228
V,USPS,Post Office EAGLE ROCK
C,Walmart,Walmart Supercenter Store #3422
C,ATT,ATT
K,Walmart,Walmart Supercenter Store #1279
C,ATT,ATT
K,Walmart,Walmart Store #5103
V,USPS,Post Office VERDUGO VIEJOFEDERAL FINANCE STATION LA
V,Walmart,Walmart Store #5229
V,USPS,Post Office Denver
V,Walmart,Walmart Store #2038
V,USPS,Post Office Canal Street
T,Sweetwater Merrifield,Sweetwater Resaurant
T,Walmart,Walmart Store #5103
V,USPS,Post Office EAGLE ROCK
T,Walmart,Walmart Store #5047
T,USPS,Post Office VERDUGO VIEJOFEDERAL FINANCE STATION LA
V,USPS,Post Office EAGLE ROCK
V,Walmart,Walmart Store #2258
V,USPS,Post Office EAGLE ROCK
T,USPS,Post Office Denver
V,Walmart,Walmart Store #5228
K,Walmart,Walmart Supercenter Store #1279
V,USPS,Post Office VERDUGO VIEJOFEDERAL FINANCE STATION LA
V,Walmart,Walmart Store #5229
V,USPS,Post Office Canal Street
C,GSI,GSI Commerce
C,Walmart,Walmart Supercenter Store #3422
V,USPS,Post Office VERDUGO VIEJO
C,Walmart,Walmart Store #5047
V,USPS,Post Office VERDUGO VIEJOFEDERAL FINANCE STATION LA
V,Walmart,Walmart Store #5229
V,USPS,Post Office EAGLE ROCK
V,Walmart,Walmart Store #5229
C,ATT,ATT
C,Walmart,Walmart Store #5047
T,GSI,GSI Commerce
T,USPS,Post Office Canal Street
V,Walmart,Walmart Store #5228
V,USPS,Post Office Hialeah
V,USPS,Post Office EAGLE ROCK
C,Coastal Flats,Coastal Flats Tysons Corner
V,USPS,Post Office Hialeah
C,GSI,GSI Commerce
V,USPS,Post Office Hialeah
T,GSI,GSI Commerce
C,GSI,GSI Commerce
C,Walmart,Walmart Supercenter Store #3422
V,USPS,Post Office Denver
C,Coastal Flats,Coastal Flats Tysons Corner
K,Walmart,Walmart Supercenter Store #1279
C,GSI,GSI Commerce
C,Walmart,Walmart Store #5047
T,GSI,GSI Commerce
V,Walmart,Walmart Store #5229
V,USPS,Post Office Canal Street
C,GSI,GSI Commerce
C,Walmart,Walmart Supercenter Store #3422
V,USPS,Post Office EAGLE ROCK
V,Walmart,Walmart Store #2038
T,USPS,Post Office Wall Street Station
C,Coastal Flats,Coastal Flats Tysons Corner
V,Walmart,Walmart Store #5228
T,Walmart,Walmart Store #5229
V,USPS,Post Office VERDUGO VIEJO
T,Walmart,Walmart Store #2258
K,Walmart,Walmart Store #5103
V,USPS,Post Office Wall Street Station
C,Coastal Flats,Coastal Flats Tysons Corner
V,USPS,Post Office Canal Street
V,Walmart,Walmart Store #5228
C,ATT,ATT
V,USPS,Post Office Canal Street
V,Walmart,Walmart Store #5229
C,ATT,ATT
T,Walmart,Walmart Supercenter Store #1279
T,USPS,Post Office Coconut Grove
K,Walmart,Walmart Store #5103
V,USPS,Post Office Wall Street Station
C,Coastal Flats,Coastal Flats Tysons Corner
V,USPS,Post Office Hialeah
T,ATT,ATT
C,Coastal Flats,Coastal Flats Tysons Corner
T,Walmart,Walmart Store #5103
V,USPS,Post Office Wall Street Station
T,GSI,GSI Commerce
C,GSI,GSI Commerce
V,USPS,Post Office Hialeah
C,GSI,GSI Commerce
K,Walmart,Walmart Supercenter Store #1279
C,GSI,GSI Commerce
K,Walmart,Walmart Supercenter Store #1279
T,ATT,ATT
V,Walmart,Walmart Store #2258
V,USPS,Post Office Coconut Grove
T,USPS,Post Office VERDUGO VIEJOFEDERAL FINANCE STATION LA
V,USPS,Post Office Coconut Grove
V,USPS,Post Office EAGLE ROCK
V,Walmart,Walmart Store #2038
C,Walmart,Walmart Supercenter Store #3422
V,USPS,Post Office Coconut Grove
C,ATT,ATT
V,Walmart,Walmart Store #5229
V,USPS,Post Office VERDUGO VIEJO
K,Walmart,Walmart Supercenter Store #1279
V,Walmart,Walmart Store #2038
T,USPS,Post Office VERDUGO VIEJO
C,Coastal Flats,Coastal Flats Tysons Corner
C,Walmart,Walmart Store #5047
V,USPS,Post Office VERDUGO VIEJOFEDERAL FINANCE STATION LA
K,Walmart,Walmart Store #5103
V,USPS,Post Office VERDUGO VIEJOFEDERAL FINANCE STATION LA
T,Walmart,Walmart Supercenter Store #3422
V,USPS,Post Office Denver
C,Coastal Flats,Coastal Flats Tysons Corner
C,Walmart,Walmart Store #5047
C,ATT,ATT
K,Walmart,Walmart Store #5103
C,ATT,ATT
V,USPS,Post Office Canal Street
V,Walmart,Walmart Store #5229
V,USPS,Post Office VERDUGO VIEJO
C,Walmart,Walmart Supercenter Store #3422
V,USPS,Post Office EAGLE ROCK
V,Walmart,Walmart Store #2038
C,Walmart,Walmart Store #5047
C,ATT,ATT
K,Walmart,Walmart Store #5103
V,USPS,Post Office VERDUGO VIEJO
V,Walmart,Walmart Store #5229
V,USPS,Post Office Denver
T,Sweetwater Merrifield,Sweetwater Resaurant
V,Walmart,Walmart Store #2258
K,Walmart,Walmart Supercenter Store #1279
V,USPS,Post Office EAGLE ROCK
V,Walmart,Walmart Store #2258
V,USPS,Post Office Denver
V,Walmart,Walmart Store #2038
V,USPS,Post Office Coconut Grove
T,GSI,GSI Commerce
V,Walmart,Walmart Store #5228
V,USPS,Post Office Wall Street Station
V,Walmart,Walmart Store #5228
V,USPS,Post Office Canal Street
C,Coastal Flats,Coastal Flats Tysons Corner
V,USPS,Post Office Hialeah
V,USPS,Post Office VERDUGO VIEJO
V,Walmart,Walmart Store #5228
V,USPS,Post Office Hialeah
V,USPS,Post Office VERDUGO VIEJO
T,Walmart,Walmart Store #5228
V,Walmart,Walmart Store #5229
V,USPS,Post Office Canal Street
C,ATT,ATT
V,Walmart,Walmart Store #5229
T,USPS,Post Office VERDUGO VIEJOFEDERAL FINANCE STATION LA
C,Coastal Flats,Coastal Flats Tysons Corner
V,Walmart,Walmart Store #2038
K,Walmart,Walmart Store #5103
V,USPS,Post Office Canal Street
C,GSI,GSI Commerce
V,Walmart,Walmart Store #2258
V,USPS,Post Office Coconut Grove
C,ATT,ATT
V,Walmart,Walmart Store #2258
V,USPS,Post Office Coconut Grove
C,Sweetwater Merrifield,Sweetwater Resaurant
K,Walmart,Walmart Supercenter Store #1279
C,ATT,ATT
C,Walmart,Walmart Store #5047
C,GSI,GSI Commerce
C,Walmart,Walmart Supercenter Store #3422
V,USPS,Post Office Denver
C,Sweetwater Merrifield,Sweetwater Resaurant
C,Walmart,Walmart Store #5047
V,USPS,Post Office VERDUGO VIEJOFEDERAL FINANCE STATION LA
K,Walmart,Walmart Store #5103
V,USPS,Post Office VERDUGO VIEJO
C,Walmart,Walmart Supercenter Store #3422
T,GSI,GSI Commerce
V,Walmart,Walmart Store #5229
V,USPS,Post Office EAGLE ROCK
T,Walmart,Walmart Supercenter Store #3422
C,Sweetwater Merrifield,Sweetwater Resaurant
C,Walmart,Walmart Supercenter Store #3422
V,USPS,Post Office EAGLE ROCK
V,Walmart,Walmart Store #2038
V,USPS,Post Office Hialeah
V,USPS,Post Office VERDUGO VIEJOFEDERAL FINANCE STATION LA
V,Walmart,Walmart Store #5228
V,USPS,Post Office Hialeah
V,USPS,Post Office VERDUGO VIEJO
V,Walmart,Walmart Store #2258
V,USPS,Post Office VERDUGO VIEJOFEDERAL FINANCE STATION LA
V,Walmart,Walmart Store #5229
V,USPS,Post Office EAGLE ROCK
V,Walmart,Walmart Store #2038
V,USPS,Post Office Coconut Grove
T,Sweetwater Merrifield,Sweetwater Resaurant
